Dataset,Model,Prediction_Lag,Timestep,Train_RMSE,Train_MAE,Test_RMSE,Test_MAE,Status,Model_File,Data_Shape_Train,Data_Shape_Test,INTERP_Fixed,Warnings,Notes
regular,LR,1,N/A,0.5758,0.4032,11.379,11.3782,Success,LRModel_lag1.pickle,"(6, 23)","(2, 23)",No,,
regular,DynLR,1,N/A,0.5758,0.4032,11.379,11.3782,Success,DynLRModel_lag1.pickle,"(6, 23)","(2, 23)",No,,
regular,RF,1,N/A,0.451,0.3733,0.5847,0.5682,Success,RFModel_lag1.pickle,"(6, 23)","(2, 23)",No,,
regular,NN,1,N/A,1.2474,1.0103,0.6941,0.6369,Success,NNModel_lag1.h5,"(6, 23)","(2, 23)",No,,
regular,DynNN,1,N/A,1.2426,1.0103,0.7082,0.6523,Success,DynNNModel_lag1.h5,"(6, 23)","(2, 23)",No,,
regular,Ensemble,1,N/A,0.5007,0.3757,3.3767,3.3739,Success,EnsembleModel_lag1.pickle,"(6, 23)","(2, 23)",No,,
regular,RNN,1,6,1.7908,1.3268,0.8849,0.881,Success,RNNModel_lag1_t6.h5,"(7, 6, 23)","(2, 6, 23)",No,,
regular,RNN,1,12,1.7214,1.2623,0.6473,0.6275,Success,RNNModel_lag1_t12.h5,"(7, 12, 23)","(2, 12, 23)",No,,
regular,RNN,1,18,1.0175,0.8255,0.4608,0.4526,Success,RNNModel_lag1_t18.h5,"(7, 18, 23)","(2, 18, 23)",No,,
regular,LSTM,1,6,1.225,0.9905,0.7789,0.5516,Success,LSTMModel_lag1_t6.h5,"(7, 6, 23)","(2, 6, 23)",No,,
regular,LSTM,1,12,0.83,0.7152,0.6292,0.59,Success,LSTMModel_lag1_t12.h5,"(7, 12, 23)","(2, 12, 23)",No,,
regular,LSTM,1,18,0.8761,0.7529,1.0224,0.7284,Success,LSTMModel_lag1_t18.h5,"(7, 18, 23)","(2, 18, 23)",No,,
regular,GRU,1,6,1.0464,0.8543,0.6231,0.5365,Success,GRUModel_lag1_t6.h5,"(7, 6, 23)","(2, 6, 23)",No,,
regular,GRU,1,12,2.0426,1.5326,3.8711,3.8607,Success,GRUModel_lag1_t12.h5,"(7, 12, 23)","(2, 12, 23)",No,,
regular,GRU,1,18,1.149,0.9785,1.2725,1.2412,Success,GRUModel_lag1_t18.h5,"(7, 18, 23)","(2, 18, 23)",No,,
regular,LR,3,N/A,0.5758,0.4032,11.379,11.3782,Success,LRModel_lag3.pickle,"(6, 23)","(2, 23)",No,,
regular,DynLR,3,N/A,0.5758,0.4032,11.379,11.3782,Success,DynLRModel_lag3.pickle,"(6, 23)","(2, 23)",No,,
regular,RF,3,N/A,0.451,0.3733,0.5847,0.5682,Success,RFModel_lag3.pickle,"(6, 23)","(2, 23)",No,,
regular,NN,3,N/A,1.256,1.0103,0.67,0.6106,Success,NNModel_lag3.h5,"(6, 23)","(2, 23)",No,,
regular,DynNN,3,N/A,1.2389,1.0103,0.7194,0.6644,Success,DynNNModel_lag3.h5,"(6, 23)","(2, 23)",No,,
regular,Ensemble,3,N/A,0.4985,0.3744,3.484,3.4813,Success,EnsembleModel_lag3.pickle,"(6, 23)","(2, 23)",No,,
regular,RNN,3,6,1.321,1.1017,0.8919,0.8569,Success,RNNModel_lag3_t6.h5,"(7, 6, 23)","(2, 6, 23)",No,,
regular,RNN,3,12,1.0102,0.8763,0.8089,0.7109,Success,RNNModel_lag3_t12.h5,"(7, 12, 23)","(2, 12, 23)",No,,
regular,RNN,3,18,1.13,0.9609,1.4632,1.4222,Success,RNNModel_lag3_t18.h5,"(7, 18, 23)","(2, 18, 23)",No,,
regular,LSTM,3,6,1.2383,1.199,1.3054,1.294,Success,LSTMModel_lag3_t6.h5,"(7, 6, 23)","(2, 6, 23)",No,,
regular,LSTM,3,12,1.2478,1.0762,0.4325,0.4166,Success,LSTMModel_lag3_t12.h5,"(7, 12, 23)","(2, 12, 23)",No,,
regular,LSTM,3,18,1.2287,0.9927,0.6496,0.6177,Success,LSTMModel_lag3_t18.h5,"(7, 18, 23)","(2, 18, 23)",No,,
regular,GRU,3,6,1.2578,1.084,1.3402,1.1501,Success,GRUModel_lag3_t6.h5,"(7, 6, 23)","(2, 6, 23)",No,,
regular,GRU,3,12,1.3282,1.1082,0.8223,0.7102,Success,GRUModel_lag3_t12.h5,"(7, 12, 23)","(2, 12, 23)",No,,
regular,GRU,3,18,1.5235,1.2442,1.8678,1.785,Success,GRUModel_lag3_t18.h5,"(7, 18, 23)","(2, 18, 23)",No,,
regular,LR,6,N/A,0.5758,0.4032,11.379,11.3782,Success,LRModel_lag6.pickle,"(6, 23)","(2, 23)",No,,
regular,DynLR,6,N/A,0.5758,0.4032,11.379,11.3782,Success,DynLRModel_lag6.pickle,"(6, 23)","(2, 23)",No,,
regular,RF,6,N/A,0.451,0.3733,0.5847,0.5682,Success,RFModel_lag6.pickle,"(6, 23)","(2, 23)",No,,
regular,NN,6,N/A,1.2408,1.0103,0.7137,0.6582,Success,NNModel_lag6.h5,"(6, 23)","(2, 23)",No,,
regular,DynNN,6,N/A,1.2444,1.0103,0.7029,0.6466,Success,DynNNModel_lag6.h5,"(6, 23)","(2, 23)",No,,
regular,Ensemble,6,N/A,0.4514,0.3462,3.33,3.3277,Success,EnsembleModel_lag6.pickle,"(6, 23)","(2, 23)",No,,
regular,RNN,6,6,1.2836,1.0294,0.7093,0.631,Success,RNNModel_lag6_t6.h5,"(7, 6, 23)","(2, 6, 23)",No,,
regular,RNN,6,12,1.128,0.8793,0.471,0.4477,Success,RNNModel_lag6_t12.h5,"(7, 12, 23)","(2, 12, 23)",No,,
regular,RNN,6,18,1.1658,0.9461,0.5277,0.5191,Success,RNNModel_lag6_t18.h5,"(7, 18, 23)","(2, 18, 23)",No,,
regular,LSTM,6,6,1.4075,1.1785,1.436,1.392,Success,LSTMModel_lag6_t6.h5,"(7, 6, 23)","(2, 6, 23)",No,,
regular,LSTM,6,12,1.4545,1.3462,0.9176,0.8654,Success,LSTMModel_lag6_t12.h5,"(7, 12, 23)","(2, 12, 23)",No,,
regular,LSTM,6,18,1.3327,1.0904,0.7452,0.7417,Success,LSTMModel_lag6_t18.h5,"(7, 18, 23)","(2, 18, 23)",No,,
regular,GRU,6,6,1.7975,1.5004,1.187,1.1768,Success,GRUModel_lag6_t6.h5,"(7, 6, 23)","(2, 6, 23)",No,,
regular,GRU,6,12,1.3405,1.1702,0.2831,0.2753,Success,GRUModel_lag6_t12.h5,"(7, 12, 23)","(2, 12, 23)",No,,
regular,GRU,6,18,1.4537,1.1241,1.3865,1.2414,Success,GRUModel_lag6_t18.h5,"(7, 18, 23)","(2, 18, 23)",No,,
regular,LR,12,N/A,0.5758,0.4032,11.379,11.3782,Success,LRModel_lag12.pickle,"(6, 23)","(2, 23)",No,,
regular,DynLR,12,N/A,0.5758,0.4032,11.379,11.3782,Success,DynLRModel_lag12.pickle,"(6, 23)","(2, 23)",No,,
regular,RF,12,N/A,0.451,0.3733,0.5847,0.5682,Success,RFModel_lag12.pickle,"(6, 23)","(2, 23)",No,,
regular,NN,12,N/A,1.2404,1.0103,0.7149,0.6595,Success,NNModel_lag12.h5,"(6, 23)","(2, 23)",No,,
regular,DynNN,12,N/A,1.2415,1.0103,0.7116,0.656,Success,DynNNModel_lag12.h5,"(6, 23)","(2, 23)",No,,
regular,Ensemble,12,N/A,0.5713,0.4186,3.2021,3.1985,Success,EnsembleModel_lag12.pickle,"(6, 23)","(2, 23)",No,,
regular,RNN,12,6,1.5814,1.1994,0.5201,0.4907,Success,RNNModel_lag12_t6.h5,"(7, 6, 23)","(2, 6, 23)",No,,
regular,RNN,12,12,1.297,1.0149,0.541,0.5215,Success,RNNModel_lag12_t12.h5,"(7, 12, 23)","(2, 12, 23)",No,,
regular,RNN,12,18,1.3482,1.0885,1.014,0.8283,Success,RNNModel_lag12_t18.h5,"(7, 18, 23)","(2, 18, 23)",No,,
regular,LSTM,12,6,0.9755,0.8486,0.9883,0.824,Success,LSTMModel_lag12_t6.h5,"(7, 6, 23)","(2, 6, 23)",No,,
regular,LSTM,12,12,1.3097,1.1076,0.7668,0.7633,Success,LSTMModel_lag12_t12.h5,"(7, 12, 23)","(2, 12, 23)",No,,
regular,LSTM,12,18,0.8807,0.727,0.3644,0.3059,Success,LSTMModel_lag12_t18.h5,"(7, 18, 23)","(2, 18, 23)",No,,
regular,GRU,12,6,0.9213,0.8078,1.0392,0.999,Success,GRUModel_lag12_t6.h5,"(7, 6, 23)","(2, 6, 23)",No,,
regular,GRU,12,12,1.1235,0.9253,0.3758,0.2711,Success,GRUModel_lag12_t12.h5,"(7, 12, 23)","(2, 12, 23)",No,,
regular,GRU,12,18,1.0824,0.8985,0.2482,0.2253,Success,GRUModel_lag12_t18.h5,"(7, 18, 23)","(2, 18, 23)",No,,
interp,LR,1,N/A,0.6098,0.5027,1.484,1.4829,Success,LRModel_lag1.pickle,"(6, 23)","(2, 23)",Yes,,
interp,DynLR,1,N/A,0.6098,0.5027,1.484,1.4829,Success,DynLRModel_lag1.pickle,"(6, 23)","(2, 23)",Yes,,
interp,RF,1,N/A,0.6785,0.5172,0.7727,0.7712,Success,RFModel_lag1.pickle,"(6, 23)","(2, 23)",Yes,,
interp,NN,1,N/A,0.6159,0.5498,1.2383,1.2374,Success,NNModel_lag1.h5,"(6, 23)","(2, 23)",Yes,,
interp,DynNN,1,N/A,0.4593,0.4082,0.9876,0.9864,Success,DynNNModel_lag1.h5,"(6, 23)","(2, 23)",Yes,,
interp,Ensemble,1,N/A,0.6098,0.5027,1.484,1.4829,Success,EnsembleModel_lag1.pickle,"(6, 23)","(2, 23)",Yes,,
interp,RNN,1,6,0.4937,0.4615,0.9798,0.9795,Success,RNNModel_lag1_t6.h5,"(7, 6, 23)","(2, 6, 23)",Yes,,
interp,RNN,1,12,1.0793,0.9457,0.5488,0.5301,Success,RNNModel_lag1_t12.h5,"(7, 12, 23)","(2, 12, 23)",Yes,,
interp,RNN,1,18,0.2013,0.1724,0.6518,0.6517,Success,RNNModel_lag1_t18.h5,"(7, 18, 23)","(2, 18, 23)",Yes,,
interp,LSTM,1,6,0.2872,0.2302,0.8865,0.8859,Success,LSTMModel_lag1_t6.h5,"(7, 6, 23)","(2, 6, 23)",Yes,,
interp,LSTM,1,12,0.4933,0.4436,0.9843,0.9831,Success,LSTMModel_lag1_t12.h5,"(7, 12, 23)","(2, 12, 23)",Yes,,
interp,LSTM,1,18,0.3377,0.2634,0.9553,0.9551,Success,LSTMModel_lag1_t18.h5,"(7, 18, 23)","(2, 18, 23)",Yes,,
interp,GRU,1,6,0.4551,0.3634,1.1519,1.1518,Success,GRUModel_lag1_t6.h5,"(7, 6, 23)","(2, 6, 23)",Yes,,
interp,GRU,1,12,0.4296,0.3273,1.1174,1.1173,Success,GRUModel_lag1_t12.h5,"(7, 12, 23)","(2, 12, 23)",Yes,,
interp,GRU,1,18,0.4442,0.3385,1.1812,1.1807,Success,GRUModel_lag1_t18.h5,"(7, 18, 23)","(2, 18, 23)",Yes,,
interp,LR,3,N/A,0.6098,0.5027,1.484,1.4829,Success,LRModel_lag3.pickle,"(6, 23)","(2, 23)",Yes,,
interp,DynLR,3,N/A,0.6098,0.5027,1.484,1.4829,Success,DynLRModel_lag3.pickle,"(6, 23)","(2, 23)",Yes,,
interp,RF,3,N/A,0.6785,0.5172,0.7727,0.7712,Success,RFModel_lag3.pickle,"(6, 23)","(2, 23)",Yes,,
interp,NN,3,N/A,0.5438,0.4839,1.2051,1.2038,Success,NNModel_lag3.h5,"(6, 23)","(2, 23)",Yes,,
interp,DynNN,3,N/A,0.4134,0.3648,0.9562,0.9557,Success,DynNNModel_lag3.h5,"(6, 23)","(2, 23)",Yes,,
interp,Ensemble,3,N/A,0.6098,0.5027,1.484,1.4829,Success,EnsembleModel_lag3.pickle,"(6, 23)","(2, 23)",Yes,,
interp,RNN,3,6,1.0512,0.9406,0.1613,0.1514,Success,RNNModel_lag3_t6.h5,"(7, 6, 23)","(2, 6, 23)",Yes,,
interp,RNN,3,12,0.7262,0.638,0.3775,0.3773,Success,RNNModel_lag3_t12.h5,"(7, 12, 23)","(2, 12, 23)",Yes,,
interp,RNN,3,18,0.4777,0.3953,0.4314,0.4291,Success,RNNModel_lag3_t18.h5,"(7, 18, 23)","(2, 18, 23)",Yes,,
interp,LSTM,3,6,0.5395,0.4708,0.7597,0.7525,Success,LSTMModel_lag3_t6.h5,"(7, 6, 23)","(2, 6, 23)",Yes,,
interp,LSTM,3,12,0.7152,0.6168,1.4508,1.4508,Success,LSTMModel_lag3_t12.h5,"(7, 12, 23)","(2, 12, 23)",Yes,,
interp,LSTM,3,18,0.5537,0.4902,1.1694,1.1693,Success,LSTMModel_lag3_t18.h5,"(7, 18, 23)","(2, 18, 23)",Yes,,
interp,GRU,3,6,0.4036,0.3416,1.0516,1.0511,Success,GRUModel_lag3_t6.h5,"(7, 6, 23)","(2, 6, 23)",Yes,,
interp,GRU,3,12,0.5295,0.4125,1.2801,1.2798,Success,GRUModel_lag3_t12.h5,"(7, 12, 23)","(2, 12, 23)",Yes,,
interp,GRU,3,18,0.4271,0.3549,1.1252,1.1241,Success,GRUModel_lag3_t18.h5,"(7, 18, 23)","(2, 18, 23)",Yes,,
interp,LR,6,N/A,0.6098,0.5027,1.484,1.4829,Success,LRModel_lag6.pickle,"(6, 23)","(2, 23)",Yes,,
interp,DynLR,6,N/A,0.6098,0.5027,1.484,1.4829,Success,DynLRModel_lag6.pickle,"(6, 23)","(2, 23)",Yes,,
interp,RF,6,N/A,0.6785,0.5172,0.7727,0.7712,Success,RFModel_lag6.pickle,"(6, 23)","(2, 23)",Yes,,
interp,NN,6,N/A,0.3347,0.2974,0.6773,0.677,Success,NNModel_lag6.h5,"(6, 23)","(2, 23)",Yes,,
interp,DynNN,6,N/A,0.4034,0.3432,0.9348,0.9346,Success,DynNNModel_lag6.h5,"(6, 23)","(2, 23)",Yes,,
interp,Ensemble,6,N/A,0.6098,0.5027,1.484,1.4829,Success,EnsembleModel_lag6.pickle,"(6, 23)","(2, 23)",Yes,,
interp,RNN,6,6,0.7343,0.639,0.8026,0.7947,Success,RNNModel_lag6_t6.h5,"(7, 6, 23)","(2, 6, 23)",Yes,,
interp,RNN,6,12,0.9442,0.8099,0.5506,0.5426,Success,RNNModel_lag6_t12.h5,"(7, 12, 23)","(2, 12, 23)",Yes,,
interp,RNN,6,18,0.5803,0.5412,1.1189,1.1183,Success,RNNModel_lag6_t18.h5,"(7, 18, 23)","(2, 18, 23)",Yes,,
interp,LSTM,6,6,0.3469,0.309,0.7214,0.7204,Success,LSTMModel_lag6_t6.h5,"(7, 6, 23)","(2, 6, 23)",Yes,,
interp,LSTM,6,12,1.6656,1.6601,1.7116,1.7081,Success,LSTMModel_lag6_t12.h5,"(7, 12, 23)","(2, 12, 23)",Yes,,
interp,LSTM,6,18,0.3555,0.2806,1.0238,1.0232,Success,LSTMModel_lag6_t18.h5,"(7, 18, 23)","(2, 18, 23)",Yes,,
interp,GRU,6,6,0.5376,0.4618,0.5818,0.5793,Success,GRUModel_lag6_t6.h5,"(7, 6, 23)","(2, 6, 23)",Yes,,
interp,GRU,6,12,0.324,0.2503,1.0112,1.0099,Success,GRUModel_lag6_t12.h5,"(7, 12, 23)","(2, 12, 23)",Yes,,
interp,GRU,6,18,0.3026,0.2373,0.9434,0.942,Success,GRUModel_lag6_t18.h5,"(7, 18, 23)","(2, 18, 23)",Yes,,
interp,LR,12,N/A,0.6098,0.5027,1.484,1.4829,Success,LRModel_lag12.pickle,"(6, 23)","(2, 23)",Yes,,
interp,DynLR,12,N/A,0.6098,0.5027,1.484,1.4829,Success,DynLRModel_lag12.pickle,"(6, 23)","(2, 23)",Yes,,
interp,RF,12,N/A,0.6785,0.5172,0.7727,0.7712,Success,RFModel_lag12.pickle,"(6, 23)","(2, 23)",Yes,,
interp,NN,12,N/A,0.5392,0.4653,1.0106,1.0095,Success,NNModel_lag12.h5,"(6, 23)","(2, 23)",Yes,,
interp,DynNN,12,N/A,0.4231,0.3656,0.8269,0.826,Success,DynNNModel_lag12.h5,"(6, 23)","(2, 23)",Yes,,
interp,Ensemble,12,N/A,0.6098,0.5027,1.484,1.4829,Success,EnsembleModel_lag12.pickle,"(6, 23)","(2, 23)",Yes,,
interp,RNN,12,6,0.3652,0.303,0.8127,0.807,Success,RNNModel_lag12_t6.h5,"(7, 6, 23)","(2, 6, 23)",Yes,,
interp,RNN,12,12,1.1143,0.9344,0.3526,0.3506,Success,RNNModel_lag12_t12.h5,"(7, 12, 23)","(2, 12, 23)",Yes,,
interp,RNN,12,18,0.8438,0.7197,0.5162,0.5133,Success,RNNModel_lag12_t18.h5,"(7, 18, 23)","(2, 18, 23)",Yes,,
interp,LSTM,12,6,0.5716,0.5015,0.8854,0.874,Success,LSTMModel_lag12_t6.h5,"(7, 6, 23)","(2, 6, 23)",Yes,,
interp,LSTM,12,12,0.4374,0.3814,1.021,1.021,Success,LSTMModel_lag12_t12.h5,"(7, 12, 23)","(2, 12, 23)",Yes,,
interp,LSTM,12,18,0.4303,0.3311,1.1469,1.1461,Success,LSTMModel_lag12_t18.h5,"(7, 18, 23)","(2, 18, 23)",Yes,,
interp,GRU,12,6,0.3958,0.3292,1.0526,1.0521,Success,GRUModel_lag12_t6.h5,"(7, 6, 23)","(2, 6, 23)",Yes,,
interp,GRU,12,12,0.6721,0.5646,1.4865,1.4861,Success,GRUModel_lag12_t12.h5,"(7, 12, 23)","(2, 12, 23)",Yes,,
interp,GRU,12,18,0.2553,0.2086,0.7976,0.7968,Success,GRUModel_lag12_t18.h5,"(7, 18, 23)","(2, 18, 23)",Yes,,
